"x1","x2","Block","z"
68,0,NA,-96.2935886040502
100,0,NA,-153.095827097512
68,28,NA,100.574619188366
100,28,NA,-140.171669497835
20,20,NA,-175.32308034276
80,20,NA,-23.679953234399
20,80,NA,-137.383350838998
80,80,NA,-282.37355408814
